{"cameraMode":{"drawMode":31,"name":"Sprite Mask","section":"Miscellaneous"},"sceneLighting":true,"audioPlay":false,"sceneViewState":{"showFog":false,"showMaterialUpdate":true,"showSkybox":true,"showFlares":true,"showImageEffects":true,"showParticleSystems":true},"in2DMode":false,"pivot":{"x":-3.9114465713500978,"y":0.29290756583213808,"z":0.013584037311375142},"rotation":{"x":0.47121182084083559,"y":-0.5272841453552246,"z":0.47177839279174807,"w":0.5266490578651428},"size":83.54498291015625,"orthographic":true}