{"cameraMode":{"drawMode":31,"name":"Sprite Mask","section":"Miscellaneous"},"sceneLighting":false,"audioPlay":false,"sceneViewState":{"showFog":false,"showMaterialUpdate":true,"showSkybox":false,"showFlares":true,"showImageEffects":true,"showParticleSystems":true},"in2DMode":false,"pivot":{"x":0.6659999489784241,"y":-0.00020707104704342782,"z":4.775691986083984},"rotation":{"x":-0.4068995416164398,"y":0.5773552656173706,"z":-0.4042069613933563,"w":-0.5811634659767151},"size":22.0,"orthographic":false}